{
    "camera_matrix": [
        [
            3181.0335639924688,
            0.0,
            641.8098550757543
        ],
        [
            0.0,
            4528.950662525811,
            476.9950558437641
        ],
        [
            0.0,
            0.0,
            1.0
        ]
    ],
    "dist_coeffs": [
        [
            -0.47036110388078645,
            19.586006121743655,
            -0.002243522256747212,
            0.0007015623627124935,
            -358.0659177110245
        ]
    ],
    "reprojection_error": 0.5823891924344465,
    "new_camera_matrix": [
        [
            2354.116920221505,
            0.0,
            736.1009399526015
        ],
        [
            0.0,
            3342.411303199825,
            360.7215021714436
        ],
        [
            0.0,
            0.0,
            1.0
        ]
    ],
    "timestamp": "2025-03-17 19:11:50"
}